record_id,lot_id,defect_code,defect_rate,discovery_date,containment_date,disposition_date,release_date,lot_status,closure_text
NCR-S12-2025-05-01,LOT-1208,DC-512,2.63,2025-05-14,2025-05-16,2025-05-20,2025-05-22,Released,Material lot quarantined pending CoA review; disposition set to use-as-is after engineering waiver.
NCR-S12-2025-05-02,LOT-1102,DC-101,3.17,2025-05-14,2025-05-17,2025-05-19,2025-05-23,Closed,Handling damage identified at packaging; foam insert redesigned and first-article re-approved.
NCR-S12-2025-05-03,LOT-1194,DC-204,2.59,2025-05-14,2025-05-15,2025-05-21,2025-05-22,Hold,Deviation attributed to calibration drift on gauge 89; recalibrated and verified against standard.
NCR-S12-2025-05-04,LOT-1035,DC-230,2.75,2025-05-18,2025-05-19,2025-05-22,2025-05-28,Hold,Handling damage identified at packaging; foam insert redesigned and first-article re-approved.
NCR-S12-2025-05-05,LOT-1218,DC-311,2.7,2025-05-02,2025-05-03,2025-05-07,2025-05-12,Rework,Sampling error under AQL plan corrected; inspector re-qualified on the revised sampling table.
NCR-S12-2025-05-06,LOT-1162,DC-118,2.88,2025-05-08,2025-05-11,2025-05-13,2025-05-16,Closed,Rework verified by the same operator who performed the work; no independent second check.
NCR-S12-2025-05-07,LOT-1060,DC-204,3.56,2025-05-05,2025-05-08,2025-05-11,2025-05-14,Hold,Root cause traced to a mislabeled fixture on line 5; operator retrained and check sheet revised.
NCR-S12-2025-05-08,LOT-1086,DC-230,1.88,2025-05-16,2025-05-19,2025-05-23,2025-05-26,Closed,Investigation found an out-of-spec torque setting; work instruction WI-364 updated accordingly.
NCR-S12-2025-05-09,LOT-1110,DC-118,3.51,2025-05-04,2025-05-06,2025-05-08,2025-05-12,Released,Investigation found an out-of-spec torque setting; work instruction WI-352 updated accordingly.
